MARCA,CAMPUS
AGES,AGES LIVE
AGES,IRECÊ
AGES,JACOBINA
AGES,PARIPIRANGA
AGES,SENHOR DO BONFIM
AGES,TUCANO
AGES,UNIDADE ACADÊMICA AGES
AGES,UNIDADE ACADÊMICA IRECÊ
AGES,UNIDADE ACADÊMICA JACOBINA
AGES,UNIDADE ACADÊMICA PARIPIRANGA
AGES,UNIDADE ACADÊMICA SENHOR DO BONFIM
FADERGS,ALVORADA - CENTRO
FADERGS,ARROIO DOS RATOS
FADERGS,CANOAS
FADERGS,CANOAS - CENTRO
FADERGS,CAXIAS DO SUL
FADERGS,CENTRO
FADERGS,CHARQUEADAS
FADERGS,ESTEIO
FADERGS,FADERGS LIVE
FADERGS,GRAVATAÍ
FADERGS,MONTENEGRO
FADERGS,PORTO ALEGRE - CENTRO
FADERGS,PORTO ALEGRE - CRISTO REDENTOR
FADERGS,PORTO ALEGRE - ORFANOTRÓFIO
FADERGS,PORTO ALEGRE - ZONA NORTE
FADERGS,SANTA MARIA
FADERGS,SAPUCAIA DO SUL
FADERGS,SMART PORTO ALEGRE - FAPA
FADERGS,TEUTÔNIA
FADERGS,TIMBÓ
FADERGS,UNIDADE ACADÊMICA CENTRO
FADERGS,UNIDADE ACADÊMICA FADERGS
FADERGS,VIAMÃO
FASEH,FASEH
FPB,CAMPINA GRANDE - CENTRO L
FPB,FPB LIVE
FPB,JOÃO PESSOA - CENTRO
FPB,SÃO PAULO - QUATÁ
FPB,TAMBIÁ
FPB,UNIDADE ACADÊMICA FPB
FPB,UNIDADE ACADÊMICA TAMBIÁ
IBMR,ANGRA DOS REIS - CENTRO II
IBMR,ARARUAMA - CENTRO
IBMR,BARRA
IBMR,BARRA MANSA - CENTRO II
IBMR,BELFORD ROXO - CENTRO
IBMR,BOTAFOGO
IBMR,CABO FRIO - CENTRO
IBMR,CAMPOS DOS GOYTACAZES
IBMR,CAMPOS DOS GOYTACAZES - PARQUE LEOPOLDINA
IBMR,CATETE
IBMR,DUQUE DE CAXIAS - CENTRO II
IBMR,IBMR LIVE
IBMR,ITAGUAÍ - CENTRO II
IBMR,MACAÉ
IBMR,MARICÁ - CENTRO
IBMR,NÃO INFORMADO
IBMR,NILÓPOLIS - CENTRO II
IBMR,NITERÓI - CENTRO
IBMR,NITERÓI - SANTA ROSA I
IBMR,NOVA IGUAÇU - CENTRO II
IBMR,NOVA IGUAÇU - CENTRO III
IBMR,PETRÓPOLIS - CENTRO
IBMR,RESENDE - CENTRO II
IBMR,RIO BONITO
IBMR,RIO DAS OSTRAS
IBMR,RIO DE JANEIRO - BANGU SILVA CARDOSO
IBMR,RIO DE JANEIRO - BARRA DA TIJUCA
IBMR,RIO DE JANEIRO - BARRA JD. OCEÂNICO
IBMR,RIO DE JANEIRO - BARRA OLÍMPICA
IBMR,RIO DE JANEIRO - BONSUCESSO
IBMR,RIO DE JANEIRO - BOTAFOGO
IBMR,RIO DE JANEIRO - CACHAMBI
IBMR,RIO DE JANEIRO - CAMPO GRANDE
IBMR,RIO DE JANEIRO - CASCADURA
IBMR,RIO DE JANEIRO - CENTRO
IBMR,RIO DE JANEIRO - CIDADE NOVA
IBMR,RIO DE JANEIRO - COPACABANA
IBMR,RIO DE JANEIRO - FREGUESIA
IBMR,RIO DE JANEIRO - ILHA DO GOVERNADOR II
IBMR,RIO DE JANEIRO - IPANEMA
IBMR,RIO DE JANEIRO - IRAJÁ
IBMR,RIO DE JANEIRO - MADUREIRA
IBMR,RIO DE JANEIRO - MARACANÃ
IBMR,RIO DE JANEIRO - MÉIER I
IBMR,RIO DE JANEIRO - RECREIO DOS BANDEIRANTES II
IBMR,RIO DE JANEIRO - SANTA CRUZ CENTRO
IBMR,RIO DE JANEIRO - TAQUARA
IBMR,RIO DE JANEIRO - TIJUCA
IBMR,RIO DE JANEIRO - VILA DA PENHA
IBMR,RIO DE JANEIRO - VILA ISABEL
IBMR,RIO DE JANEIRO - VILA VALQUEIRE
IBMR,SÃO GONÇALO - ALCÂNTARA
IBMR,SÃO GONÇALO - CENTRO
IBMR,SÃO JOÃO DE MERITI - CENTRO II
IBMR,SÃO PAULO - VILA OLÍMPIA
IBMR,SMART GOIÂNIA
IBMR,SMART RIO DE JANEIRO - NOVA FRIBURGO
IBMR,UNIDADE ACADÊMICA BARRA
IBMR,UNIDADE ACADÊMICA BOTAFOGO
IBMR,UNIDADE ACADÊMICA CATETE
IBMR,UNIDADE ACADÊMICA IBMR
IBMR,VOLTA REDONDA - ATERRADO I
MCAMPOS,MILTON CAMPOS
MCAMPOS,UNIDADE ACADÊMICA MILTON CAMPOS
UAM,ALMENARA - CENTRO
UAM,ALTA FLORESTA - CENTRO
UAM,ALTO ARAGUAIA
UAM,AMERICANA - JARDIM GLÓRIA
UAM,ANANINDEUA - CIDADE NOVA
UAM,ANDRADINA - CENTRO
UAM,ARAÇATUBA - CENTRO II
UAM,ARARAQUARA - CENTRO
UAM,ARARAS
UAM,ARTUR NOGUEIRA - CENTRO
UAM,ARUJÁ - CENTER VILLE
UAM,ASSIS - CENTRO
UAM,ATIBAIA
UAM,AVARÉ - CENTRO
UAM,AVENIDA PAULISTA
UAM,BALNEÁRIO CAMBORIÚ - CENTRO II
UAM,BARBACENA - CENTRO
UAM,BARRETOS
UAM,BARUERI
UAM,BARUERI - BETHAVILLE
UAM,BATATAIS - CENTRO
UAM,BAURU - ALTOS DA CIDADE
UAM,BAURU - CENTRO
UAM,BELO HORIZONTE - BARREIRO
UAM,BELO HORIZONTE - BARRO PRETO
UAM,BELO HORIZONTE - CARLOS PRATES
UAM,BELO HORIZONTE - DIREITO NA ESCOLA
UAM,BELO HORIZONTE - NOVA SUÍÇA
UAM,BELO HORIZONTE - PAMPULHA I
UAM,BELO HORIZONTE - SAGRADA FAMÍLIA
UAM,BIRIGUI - CENTRO
UAM,BLUMENAU - CENTRO
UAM,BOA VISTA (MA)
UAM,BOITUVA
UAM,BOTUCATU
UAM,BRAGANÇA PAULISTA
UAM,BRASÍLIA - ASA NORTE
UAM,BRASÍLIA - CEILÂNDIA
UAM,BRASÍLIA - SAMAMBAIA
UAM,BRASÍLIA - SOBRADINHO
UAM,BRASÍLIA - TAGUATINGA PISTÃO SUL
UAM,CAÇAPAVA - CENTRO
UAM,CAIEIRAS
UAM,CAJAMAR - CENTRO
UAM,CAMPINAS - CENTRO
UAM,CAMPINAS - JOHN BOYD DUNLOP
UAM,CAMPO GRANDE
UAM,CAMPO GRANDE - JARDIM AERO RANCHO
UAM,CAMPO LIMPO PAULISTA - ZONA CENTRAL
UAM,CAPIVARI - CENTRO
UAM,CARAGUATATUBA
UAM,CARAPICUÍBA
UAM,CATANDUVA - CENTRO II
UAM,CENTRO - MOOCA
UAM,CONSELHEIRO LAFAIETE - CAMPO ALEGRE
UAM,CONTAGEM - ELDORADO
UAM,CORUMBÁ - CENTRO
UAM,COSMÓPOLIS - CENTRO
UAM,COTIA
UAM,CRICIÚMA - CENTRO
UAM,CRISTALINA
UAM,CRUZEIRO - CENTRO
UAM,CUIABÁ - BISPO
UAM,CUIABÁ - CENTRO II
UAM,CURITIBA - CENTRO I
UAM,CURITIBA - CENTRO I (MA)
UAM,DIADEMA - CENTRO
UAM,DIVINÓPOLIS - CENTRO
UAM,EMBU DAS ARTES - CENTRO
UAM,FERRAZ DE VASCONCELOS - CENTRO
UAM,FLORIANÓPOLIS - DIB MUSSI
UAM,FLORIANÓPOLIS - INGLESES
UAM,FORTALEZA - CENTRO I
UAM,FORTALEZA - FÁTIMA
UAM,FORTALEZA - PARQUELÂNDIA
UAM,FOZ DO IGUAÇU
UAM,FRANCA - CENTRO
UAM,FRANCISCO MORATO - CENTRO
UAM,FRANCO DA ROCHA - CENTRO I
UAM,GOIÂNIA - CENTRO I (MA)
UAM,GOIÂNIA - JARDIM ATLÂNTICO
UAM,GUARATINGUETÁ - CENTRO
UAM,GUARUJÁ - JARDIM SANTENSE
UAM,GUARULHOS - CENTRO
UAM,GUARULHOS BOM CLIMA - AEROPORTO
UAM,GUAXUPÉ
UAM,HORTOLÂNDIA - ADVENTISTA
UAM,HORTOLÂNDIA - EMANCIPAÇÃO
UAM,IBIÚNA - CENTRO
UAM,INDAIATUBA - CENTRO
UAM,INDAIATUBA - ITAICI
UAM,IPAMERI
UAM,ITABIRA - JARDIM GABIROBA (MA)
UAM,ITAIM PAULISTA
UAM,ITAJAÍ - CENTRO
UAM,ITANHAÉM - CENTRO
UAM,ITAPECERICA DA SERRA
UAM,ITAPETININGA
UAM,ITAPEVI - CENTRO
UAM,ITAQUAQUECETUBA
UAM,ITATIBA - CENTRO
UAM,ITU - CENTRO I
UAM,ITUPEVA - CENTRO
UAM,JABOTICABAL
UAM,JACAREÍ
UAM,JANDIRA - CENTRO
UAM,JARAGUÁ DO SUL - CENTRO
UAM,JAÚ - CENTRO
UAM,JUAZEIRO DO NORTE - SALESIANOS I
UAM,JUIZ DE FORA - CENTRO
UAM,JUNDIAÍ - CENTRO
UAM,LEME - CENTRO
UAM,LIMEIRA
UAM,LIMEIRA - MORRO AZUL
UAM,LINHARES - CENTRO
UAM,LONDRINA - CENTRO - OM
UAM,LONDRINA - PALHANO
UAM,LORENA - CENTRO
UAM,LOUVEIRA - CENTRO
UAM,MACAPÁ - LAGUINHO
UAM,MAIRINQUE - CENTRO
UAM,MAIRIPORÃ - CENTRO
UAM,MANAUS - PLAZA SHOPPING
UAM,MANDAGUAÇU - CENTRO
UAM,MANDAGUAÇU - CENTRO (MA)
UAM,MARILIA - CENTRO
UAM,MARINGÁ - NOVO CENTRO II
UAM,MAUÁ - VILA BOCAINA
UAM,MOGI DAS CRUZES
UAM,MOGI DAS CRUZES - BRÁS CUBAS
UAM,MOGI DAS CRUZES (INATIVO)
UAM,MOGI GUAÇU - CENTRO
UAM,MOGI MIRIM - CENTRO
UAM,MONGAGUÁ
UAM,MONTE MOR - CENTRO
UAM,MONTES CLAROS - CENTRO
UAM,MORUMBI
UAM,NÃO INFORMADO
UAM,NOVA AURORA
UAM,OSASCO - CENTRO
UAM,OSASCO - KM 18
UAM,OSASCO - VILA CAMPESINA
UAM,OURINHOS - CENTRO
UAM,PALMAS - TAQUARALTO
UAM,PAULÍNIA
UAM,PENÁPOLIS - CENTRO
UAM,PETROLINA - CENTRO
UAM,PIEDADE - CENTRO
UAM,PINDAMONHANGABA
UAM,PIRACICABA
UAM,PIRACICABA - CENTRO
UAM,PIRASSUNUNGA - CENTRO
UAM,POÁ
UAM,POÇOS DE CALDAS - CENTRO
UAM,POLO DIGITAL SMART MACEIÓ
UAM,PONTA GROSSA - CENTRO
UAM,PONTA PORÃ
UAM,PORTEL - CENTRO
UAM,PORTO FERREIRA - CENTRO
UAM,PORTO VELHO
UAM,POUSO ALEGRE - CENTRO
UAM,PRAIA GRANDE
UAM,PRESIDENTE PRUDENTE - CENTRO I
UAM,REGISTRO - CENTRO I
UAM,RIBEIRÃO PIRES
UAM,RIBEIRÃO PRETO - CENTRO
UAM,RIO CLARO - CENTRO
UAM,RIO DE JANEIRO - BOTAFOGO
UAM,RIO DE JANEIRO - CAMPO GRANDE
UAM,RIO DE JANEIRO - CASCADURA
UAM,RIO DE JANEIRO - COPACABANA
UAM,RONDONÓPOLIS - CENTRO II
UAM,SALTO
UAM,SANTA BÁRBARA D'OESTE - CENTRO I
UAM,SANTA ISABEL - CENTRO
UAM,SANTA LUZIA
UAM,SANTANA DE PARNAÍBA
UAM,SANTO ANDRÉ - CENTRO
UAM,SANTO ANDRÉ - PARQUE DAS NAÇÕES
UAM,SANTOS
UAM,SANTOS - GONZAGA
UAM,SÃO BERNARDO DO CAMPO - ASSUNÇÃO
UAM,SÃO BERNARDO DO CAMPO - AV. KENNEDY
UAM,SÃO BERNARDO DO CAMPO - MARECHAL
UAM,SÃO BERNARDO DO CAMPO - RUDGE RAMOS
UAM,SÃO CAETANO DO SUL - CENTRO
UAM,SÃO CARLOS
UAM,SÃO JOÃO DA BOA VISTA
UAM,SÃO JOSÉ - FORQUILHINHA
UAM,SÃO JOSÉ DO RIO PRETO
UAM,SÃO JOSÉ DO RIO PRETO - CONSTITUIÇÃO
UAM,SÃO JOSÉ DOS CAMPOS
UAM,SÃO JOSÉ DOS CAMPOS - JARDIM AQUARIUS
UAM,SÃO JOSÉ DOS CAMPOS - JARDIM SATÉLITE
UAM,SÃO LUÍS - TURU
UAM,SÃO PAULO - ANÁLIA FRANCO
UAM,SÃO PAULO - ARICANDUVA
UAM,SÃO PAULO - AVENIDA MATEO BEI
UAM,SÃO PAULO - AVENIDA PAULISTA
UAM,SÃO PAULO - BARRA FUNDA
UAM,SÃO PAULO - BUTANTÃ
UAM,SÃO PAULO - CIDADE TIRADENTES
UAM,SÃO PAULO - FREGUESIA DO Ó
UAM,SÃO PAULO - GRAJAÚ CENTRO
UAM,SÃO PAULO - GUAIANASES I
UAM,SÃO PAULO - INTERLAGOS AUTÓDROMO
UAM,SÃO PAULO - IPIRANGA
UAM,SÃO PAULO - ITAQUERA
UAM,SÃO PAULO - LAPA
UAM,SÃO PAULO - LIBERDADE CENTRO
UAM,SÃO PAULO - M'BOI MIRIM
UAM,SÃO PAULO - METRÔ CAMPO LIMPO
UAM,SÃO PAULO - METRÔ JABAQUARA
UAM,SÃO PAULO - METRÔ PATRIARCA
UAM,SÃO PAULO - METRÔ SÃO LUCAS
UAM,SÃO PAULO - METRÔ SAPOPEMBA
UAM,SÃO PAULO - METRÔ VILA SÔNIA
UAM,SÃO PAULO - MOOCA
UAM,SÃO PAULO - MORUMBI II
UAM,SÃO PAULO - PARADA DE TAIPAS
UAM,SÃO PAULO - PENHA
UAM,SÃO PAULO - PINHEIROS
UAM,SÃO PAULO - PIRITUBA
UAM,SÃO PAULO - SABARÁ - CAMPO GRANDE
UAM,SÃO PAULO - SANTANA
UAM,SÃO PAULO - SANTO AMARO ADOLFO PINHEIRO
UAM,SÃO PAULO - SÃO MIGUEL PAULISTA
UAM,SÃO PAULO - SAÚDE
UAM,SÃO PAULO - TATUAPÉ
UAM,SÃO PAULO - TUCURUVI
UAM,SÃO PAULO - VILA MARIANA II
UAM,SÃO PAULO - VILA OLÍMPIA
UAM,SÃO PAULO - VILA PRUDENTE
UAM,SÃO ROQUE
UAM,SÃO SEBASTIÃO - CENTRO
UAM,SÃO VICENTE - CENTRO I
UAM,SETE LAGOAS
UAM,SMART ALPHAVILLE
UAM,SMART BELÉM - NAZARÉ
UAM,SMART BRASÍLIA - ASA SUL
UAM,SMART CAMPO GRANDE - VILA MANOEL
UAM,SMART CUIABÁ - JARDIM MARIANA
UAM,SMART FORTALEZA - ALDEOTA
UAM,SMART ITAJUBÁ
UAM,SMART RIO BRANCO - HABITASA
UAM,SMART SÃO PAULO - BOM RETIRO
UAM,SMART SÃO PAULO - SACOMÃ
UAM,SMART SERRA
UAM,SMART SOROCABA
UAM,SMART VALE DO ANHANGABAÚ
UAM,SMART VÁRZEA PAULISTA
UAM,SMART VITÓRIA
UAM,SOCORRO - CENTRO
UAM,SOROCABA - SANTA ROSÁLIA
UAM,SUMARÉ - CENTRO
UAM,SUZANO
UAM,TABOÃO DA SERRA
UAM,TATUÍ
UAM,TAUBATÉ
UAM,TIETÊ
UAM,UAM LIVE
UAM,UBERABA - CENTRO
UAM,UBERLÂNDIA - LÍDICE
UAM,UNIDADE ACADÊMICA AVENIDA PAULISTA
UAM,UNIDADE ACADÊMICA CENTRO - MOOCA
UAM,UNIDADE ACADÊMICA IA
UAM,UNIDADE ACADÊMICA PIRACICABA
UAM,UNIDADE ACADÊMICA SÃO JOSÉ DOS CAMPOS
UAM,UNIDADE ACADÊMICA UAM
UAM,UNIDADE ACADÊMICA VILA OLÍMPIA
UAM,VALINHOS - CENTRO
UAM,VARGEM GRANDE PAULISTA
UAM,VARGINHA - CAMPOS ELISEOS
UAM,VILA OLÍMPIA
UAM,VILA VELHA
UAM,VILA VELHA (MA)
UAM,VINHEDO - CENTRO
UAM,VOTORANTIM - CENTRO
UAM,VOTUPORANGA - CENTRO
UNA,ÁGUAS LINDAS DE GOIÁS - JARDIM DA BARRAGEM II
UNA,AIMORÉS
UNA,ANÁPOLIS - JUNDIAÍ
UNA,ARAGUARI - CENTRO
UNA,BARBACENA - CENTRO
UNA,BARREIRO
UNA,BELO HORIZONTE - AFONSO VAZ DE MELO
UNA,BELO HORIZONTE - AIMORÉS
UNA,BELO HORIZONTE - BARRO PRETO
UNA,BELO HORIZONTE - BURITIS
UNA,BELO HORIZONTE - CARLOS PRATES II
UNA,BELO HORIZONTE - CASTELO I
UNA,BELO HORIZONTE - CENTRO II
UNA,BELO HORIZONTE - CRISTIANO MACHADO
UNA,BELO HORIZONTE - LINHA VERDE
UNA,BELO HORIZONTE - NOVA SUÍÇA
UNA,BELO HORIZONTE - PAMPULHA I
UNA,BELO HORIZONTE - SAGRADA FAMÍLIA
UNA,BETIM
UNA,BETIM - CENTRO
UNA,BETIM - GOVERNADOR VALADARES
UNA,BOM DESPACHO
UNA,BOM DESPACHO - SÃO GERALDO
UNA,BRASÍLIA - ÁGUAS CLARAS I
UNA,CATALÃO - DONA MATILDE
UNA,CONSELHEIRO LAFAIETE
UNA,CONSELHEIRO LAFAIETE - CAMPO ALEGRE
UNA,CONSELHEIRO LAFAIETE - CENTRO L
UNA,CONTAGEM
UNA,CONTAGEM - BITÁCULA
UNA,CONTAGEM - CABRAL
UNA,CONTAGEM - ELDORADO
UNA,CRISTIANO MACHADO
UNA,CURVELO - CENTRO I
UNA,DIVINÓPOLIS
UNA,DIVINÓPOLIS - CORONEL JOÃO NOTINI
UNA,GOIÂNIA - CENTRO I
UNA,IBIRITÉ - CENTRO
UNA,IPATINGA - BETHANIA
UNA,IPATINGA - IGUAÇU
UNA,ITABIRA
UNA,ITABIRA - JARDIM GABIROBA
UNA,ITABIRA - SIZENANDO DE BARROS
UNA,ITAÚNA - CENTRO
UNA,ITUMBIARA
UNA,ITUMBIARA - NOVO HORIZONTE
UNA,JATAÍ
UNA,JATAÍ - EPAMINONDAS II
UNA,JOÃO MONLEVADE - GETÚLIO VARGAS
UNA,JUIZ DE FORA - MORRO DA GLÓRIA
UNA,JUIZ DE FORA - SÃO MATEUS
UNA,KARAÍBA
UNA,LEOPOLDINA - CENTRO
UNA,LIBERDADE
UNA,LINHA VERDE
UNA,MONTES CLAROS - CENTRO I
UNA,NÃO INFORMADO
UNA,NOVA SERRANA - CENTRO I
UNA,PASSOS - BELA VISTA
UNA,PATOS DE MINAS - CENTRO I
UNA,PEDRO LEOPOLDO - CENTRO
UNA,POUSO ALEGRE
UNA,POUSO ALEGRE - FOCH
UNA,POUSO ALEGRE - JOÃO BASÍLIO
UNA,RIBEIRÃO DAS NEVES - CENTRO (JUSTINÓPOLIS)
UNA,SANTA CRUZ
UNA,SANTA LUZIA
UNA,SETE LAGOAS
UNA,SETE LAGOAS - SANTO ANTÔNIO
UNA,TEÓFILO OTONI - CENTRO
UNA,TUCURUÍ
UNA,UBERABA - ABADIA
UNA,UBERABA - CENTRO
UNA,UBERLÂNDIA - CENTRO
UNA,UBERLÂNDIA - JARDIM KARAÍBA
UNA,UBERLÂNDIA - LÍDICE
UNA,UBERLÂNDIA - TIBERY
UNA,UNA LIVE
UNA,UNIDADE ACADÊMICA AIMORÉS
UNA,UNIDADE ACADÊMICA BARREIRO
UNA,UNIDADE ACADÊMICA BETIM
UNA,UNIDADE ACADÊMICA CONSELHEIRO LAFAIETE
UNA,UNIDADE ACADÊMICA CONTAGEM
UNA,UNIDADE ACADÊMICA CRISTIANO MACHADO
UNA,UNIDADE ACADÊMICA DE BOM DESPACHO
UNA,UNIDADE ACADÊMICA DIVINÓPOLIS
UNA,UNIDADE ACADÊMICA IA
UNA,UNIDADE ACADÊMICA ITABIRA
UNA,UNIDADE ACADÊMICA ITUMBIARA
UNA,UNIDADE ACADÊMICA JATAÍ
UNA,UNIDADE ACADÊMICA KARAÍBA
UNA,UNIDADE ACADÊMICA LIBERDADE
UNA,UNIDADE ACADÊMICA LINHA VERDE
UNA,UNIDADE ACADÊMICA POUSO ALEGRE
UNA,UNIDADE ACADÊMICA SANTA CRUZ
UNA,UNIDADE ACADÊMICA SETE LAGOAS
UNA,UNIDADE ACADÊMICA UNA
UNA,VARGINHA - VILA PINTO
UNA,VESPASIANO - CENTRO I
UNIBH,CENTRO UNIVERSITÁRIO DE BELO HORIZONTE - UNI-BH
UNIBH,CRISTIANO MACHADO
UNIBH,ESTORIL
UNIBH,UNIBH LIVE
UNIBH,UNIDADE ACADÊMICA ESTORIL
UNIBH,UNIDADE ACADÊMICA UNIBH
UNICURITIBA,CENTRO UNIVERSITÁRIO CURITIBA - UNICURITIBA
UNICURITIBA,MILTON VIANA
UNICURITIBA,MILTON VIANNA FILHO
UNICURITIBA,UNICURITIBA LIVE
UNICURITIBA,UNIDADE ACADÊMICA MILTON VIANA
UNICURITIBA,UNIDADE ACADÊMICA UNICURITIBA
UNIFACS,ALAGOINHAS
UNIFACS,BOA VISTA
UNIFACS,CAMAÇARI
UNIFACS,CAMPINA GRANDE - CENTRO L
UNIFACS,CANDEIAS - CENTRO
UNIFACS,DIAS D'ÁVILA - CENTRO
UNIFACS,FEIRA DE SANTANA
UNIFACS,FEIRA DE SANTANA - CENTRO I
UNIFACS,GUANAMBI
UNIFACS,IBOTIRAMA
UNIFACS,ILHÉUS
UNIFACS,IRAMAIA
UNIFACS,ITABERABA
UNIFACS,ITABUNA
UNIFACS,JABOATÃO DOS GUARARAPES - PIEDADE
UNIFACS,JACOBINA
UNIFACS,JAGUAQUARA
UNIFACS,LAPA
UNIFACS,LAURO DE FREITAS
UNIFACS,MANAUS - PLAZA SHOPPING
UNIFACS,NÃO INFORMADO
UNIFACS,OLINDA - CASA CAIADA
UNIFACS,PAULO AFONSO - VILA POTY
UNIFACS,PORTO SEGURO
UNIFACS,PROFESSOR BARROS
UNIFACS,RECIFE - CENTRO
UNIFACS,SALVADOR - CAJAZEIRAS
UNIFACS,SALVADOR - IGUATEMI
UNIFACS,SALVADOR - LAPA
UNIFACS,SALVADOR - PARALELA
UNIFACS,SALVADOR - SUBURBANA
UNIFACS,SALVADOR - TANCREDO NEVES
UNIFACS,SANTA INÊS
UNIFACS,SANTA MÔNICA
UNIFACS,SANTO AMARO
UNIFACS,SANTO ANTÔNIO DE JESUS
UNIFACS,SEABRA
UNIFACS,SMART ARACAJU - LUZIA
UNIFACS,SMART FORTALEZA - ALDEOTA
UNIFACS,TANCREDO NEVES
UNIFACS,UNIDADE ACADÊMICA IA
UNIFACS,UNIDADE ACADÊMICA LAPA
UNIFACS,UNIDADE ACADÊMICA PROFESSOR BARROS
UNIFACS,UNIDADE ACADÊMICA SANTA MÔNICA
UNIFACS,UNIDADE ACADÊMICA TANCREDO NEVES
UNIFACS,UNIDADE ACADÊMICA UNIFACS
UNIFACS,UNIFACS LIVE
UNIFACS,VITÓRIA DA CONQUISTA
UNIFACS,XIQUE-XIQUE
UNIFG,BRUMADO
UNIFG,CARUARU - NOSSA SENHORA DAS DORES
UNIFG,JABOATÃO DOS GUARARAPES - CENTRO II
UNIFG,JABOATÃO DOS GUARARAPES - PIEDADE
UNIFG,MACEIÓ - CENTRO
UNIFG,NÃO INFORMADO
UNIFG,OLINDA - CASA CAIADA
UNIFG,PAULISTA - CENTRO
UNIFG,RECIFE - CENTRO
UNIFG,SÃO SEBASTIÃO
UNIFG,SMART RECIFE - IMBIRIBEIRA
UNIFGUA,BOA VISTA
UNIFGUA,FG LIVE
UNIFGUA,PIEDADE
UNIFGUA,UNIDADE ACADÊMICA BOA VISTA
UNIFGUA,UNIDADE ACADÊMICA PIEDADE
UNIFGUA,UNIDADE ACADÊMICA UNIFG
UNIRITTER,ALVORADA - CENTRO
UNIRITTER,ARROIO DOS RATOS
UNIRITTER,BENTO GONÇALVES - CENTRO
UNIRITTER,BUTIÁ - CENTRO
UNIRITTER,CANOAS
UNIRITTER,CANOAS - CENTRO
UNIRITTER,CANOAS - NITERÓI
UNIRITTER,CAPÃO DA CANOA - CENTRO I
UNIRITTER,CAXIAS DO SUL
UNIRITTER,CHARQUEADAS
UNIRITTER,CRICIÚMA - CENTRO
UNIRITTER,ERECHIM - CENTRO
UNIRITTER,ESTEIO
UNIRITTER,FAPA
UNIRITTER,FARROUPILHA - CENTRO II
UNIRITTER,FREDERICO WESTPHALEN - CENTRO
UNIRITTER,GRAVATAÍ
UNIRITTER,GRAVATAÍ - CENTRO II
UNIRITTER,GUAÍBA - CENTRO I
UNIRITTER,MONTENEGRO
UNIRITTER,NÃO INFORMADO
UNIRITTER,NOVO HAMBURGO
UNIRITTER,OSÓRIO - CENTRO
UNIRITTER,PAROBÉ - CENTRO
UNIRITTER,PELOTAS - CENTRO
UNIRITTER,PELOTAS - CENTRO (MA)
UNIRITTER,PORTÃO - CENTRO
UNIRITTER,PORTO ALEGRE - BOA VISTA
UNIRITTER,PORTO ALEGRE - CAVALHADA II
UNIRITTER,PORTO ALEGRE - CENTRO
UNIRITTER,PORTO ALEGRE - CRISTO REDENTOR
UNIRITTER,PORTO ALEGRE - MENINO DEUS
UNIRITTER,PORTO ALEGRE - ORFANOTRÓFIO
UNIRITTER,PORTO ALEGRE - PROTÁSIO ALVES
UNIRITTER,PORTO ALEGRE - SERTÓRIO
UNIRITTER,PORTO ALEGRE - ZONA NORTE
UNIRITTER,PORTO ALEGRE - ZONA SUL I
UNIRITTER,SANTA MARIA
UNIRITTER,SANTIAGO - CENTRO
UNIRITTER,SÃO LEOPOLDO
UNIRITTER,SÃO LEOPOLDO - CENTRO II
UNIRITTER,SÃO LEOPOLDO - IMPERATRIZ
UNIRITTER,SAPUCAIA DO SUL
UNIRITTER,SMART PORTO ALEGRE
UNIRITTER,SMART PORTO ALEGRE - FAPA
UNIRITTER,SMART RIO GRANDE
UNIRITTER,TEUTÔNIA
UNIRITTER,TRAMANDAÍ - CENTRO
UNIRITTER,TRIUNFO - CENTRO
UNIRITTER,UNIDADE ACADÊMICA CANOAS
UNIRITTER,UNIDADE ACADÊMICA FAPA
UNIRITTER,UNIDADE ACADÊMICA UNIRITTER
UNIRITTER,UNIDADE ACADÊMICA ZONA SUL
UNIRITTER,UNIRITTER LIVE
UNIRITTER,VIAMÃO
UNIRITTER,VIAMÃO - CENTRO
UNIRITTER,ZONA SUL
UNISOCIESC,BLUMENAU - CENTRO
UNISOCIESC,BLUMENAU - JARDIM BLUMENAU
UNISOCIESC,JARAGUÁ DO SUL - CENTRO
UNISOCIESC,JARAGUÁ DO SUL - PARK SHOPPING
UNISOCIESC,JOINVILLE - ANITA GARIBALDI
UNISOCIESC,JOINVILLE - CAMPUS PARK
UNISOCIESC,MAFRA - CENTRO I BAIXADA
UNISOCIESC,NÃO INFORMADO
UNISOCIESC,RIO DO SUL - CANOAS
UNISOCIESC,SÃO BENTO DO SUL - ANTÔNIO KAESEMODEL
UNISOCIESC,TIMBÓ
UNISUL,ARARANGUÁ
UNISUL,ARARANGUÁ - CENTRO
UNISUL,ARARANGUÁ - JARDIM DAS AVENIDAS
UNISUL,BALNEÁRIO CAMBORIÚ - CENTRO II
UNISUL,BIGUAÇU - CENTRO
UNISUL,BLUMENAU - CENTRO III
UNISUL,BRAÇO DO NORTE
UNISUL,CAMPINAS - CENTRO
UNISUL,CHAPECÓ - JARDIM ITÁLIA
UNISUL,CONTINENTE
UNISUL,CRICIÚMA
UNISUL,CRICIÚMA - CEARÁ
UNISUL,CRICIÚMA - CENTRO II
UNISUL,DIB MUSSI
UNISUL,FEIRA DE SANTANA - CENTRO I
UNISUL,FLORIANÓPOLIS - CENTRO
UNISUL,FLORIANÓPOLIS - CONTINENTE
UNISUL,FLORIANÓPOLIS - DIB MUSSI
UNISUL,FLORIANÓPOLIS - ILHA
UNISUL,FLORIANÓPOLIS - INGLESES
UNISUL,FLORIANÓPOLIS ILHA
UNISUL,GOIÂNIA
UNISUL,GRANDE FPOLIS PALHOÇA
UNISUL,IÇARA
UNISUL,ILHA
UNISUL,ITAJAÍ
UNISUL,ITAJAÍ - CENTRO
UNISUL,ITAJAÍ - CENTRO II
UNISUL,ITAPEMA - MEIA PRAIA
UNISUL,JUNDIAÍ - CENTRO
UNISUL,LAGES - CTP
UNISUL,LONDRINA - PALHANO
UNISUL,MARAVILHA - CENTRO
UNISUL,PALHOÇA - CENTRO UNISUL
UNISUL,PALHOÇA - PAGANI
UNISUL,PEDRA BRANCA
UNISUL,PONTA GROSSA - CENTRO
UNISUL,PORTO ALEGRE
UNISUL,SALVADOR - IGUATEMI
UNISUL,SANTOS - VILA MATHIAS
UNISUL,SÃO JOSÉ - BARREIROS
UNISUL,SÃO JOSÉ - VITÓRIA CENTER
UNISUL,SÃO JOSÉ DOS CAMPOS - CENTRO
UNISUL,SÃO JOSÉ DOS CAMPOS - JARDIM AQUARIUS
UNISUL,SÃO LEOPOLDO
UNISUL,SMART SOROCABA
UNISUL,SMART VITÓRIA
UNISUL,TRAJANO
UNISUL,TUBARÃO
UNISUL,TUBARÃO - CENTRO
UNISUL,TUBARÃO - MORRETES
UNISUL,UBERLÂNDIA - JARDIM KARAÍBA
UNISUL,UNIDADE ACADÊMICA BRAÇO DO NORTE
UNISUL,UNIDADE ACADÊMICA CONTINENTE
UNISUL,UNIDADE ACADÊMICA FLORIANÓPOLIS ILHA
UNISUL,UNIDADE ACADÊMICA ITAJAÍ
UNISUL,UNIDADE ACADÊMICA PEDRA BRANCA
UNISUL,UNIDADE ACADÊMICA TUBARÃO
UNISUL,UNIDADE ACADÊMICA UNISUL
UNISUL,UNISUL LIVE
UNP,AÇU - CENTRO
UNP,APODI
UNP,ARACATI - CENTRO
UNP,CAICÓ
UNP,CAMPINA GRANDE - CENTRO L
UNP,CASTANHAL
UNP,CEARÁ - MIRIM
UNP,CURRAIS NOVOS
UNP,JOÃO CÂMARA
UNP,JOÃO PESSOA - CENTRO
UNP,JOÃO PESSOA - CENTRO L
UNP,MACAPÁ - CENTRO - OM
UNP,MOSSORÓ
UNP,NÃO INFORMADO
UNP,NATAL - SALGADO FILHO
UNP,NATAL - ZONA NORTE
UNP,NATAL - ZONA SUL
UNP,NATAL - ZONA SUL I
UNP,PARNAMIRIM
UNP,PARNAMIRIM - EMAÚS
UNP,PAU DOS FERROS
UNP,ROBERTO FREIRE
UNP,SALGADO FILHO
UNP,SANTA CRUZ
UNP,SÃO PAULO - QUATÁ
UNP,SÃO PAULO DO POTENGI
UNP,SMART FORTALEZA - ALDEOTA
UNP,SMART JOÃO PESSOA - BRISAMAR
UNP,SOBRAL - CENTRO II
UNP,UNIDADE ACADÊMICA CAICÓ
UNP,UNIDADE ACADÊMICA MOSSORÓ
UNP,UNIDADE ACADÊMICA PAU DOS FERROS
UNP,UNIDADE ACADÊMICA SALGADO FILHO
UNP,UNIDADE ACADÊMICA UNP
UNP,UNIDADE ACADÊMICA ZONA NORTE
UNP,UNIDADE MOSSORÓ
UNP,UNIDADE NASCIMENTO DE CASTRO
UNP,UNIDADE ZONA NORTE - JOÃO MEDEIROS
UNP,UNP LIVE
USJT,BUTANTÃ
USJT,CUBATÃO
USJT,GUARULHOS
USJT,JABAQUARA
USJT,MOOCA
USJT,PAULISTA
USJT,SANTANA
USJT,SANTO AMARO
USJT,SÃO BERNARDO DO CAMPO
USJT,SÃO JUDAS LIVE
USJT,UNIDADE ACADÊMICA BUTANTÃ
USJT,UNIDADE ACADÊMICA GUARULHOS
USJT,UNIDADE ACADÊMICA JABAQUARA
USJT,UNIDADE ACADÊMICA MOOCA
USJT,UNIDADE ACADÊMICA PAULISTA
USJT,UNIDADE ACADÊMICA SANTANA
USJT,UNIDADE ACADÊMICA SANTO AMARO
USJT,UNIDADE ACADÊMICA SANTOS
USJT,UNIDADE ACADÊMICA SÃO BERNARDO DO CAMPO
USJT,UNIDADE ACADÊMICA USJT
USJT,UNIDADE ACADÊMICA VILA LEOPOLDINA
USJT,VILA LEOPOLDINA
USJT,VILA MATHIAS
